Project,Pura Haven
Subtitle,Urban Resort Hotel Design through Environmental Interaction
Period,2025.05–2025.07
Location,"Wuhou District, Chengdu, China"
Coordinates,104.08873400106735,30.627396962625717
Type,Hotel / Resort
Area,"8,750 m²"
FAR,0.54
Green Cover,48.2%
Designer,Shen Junyang
Description,"This urban resort hotel is located beside the Jin River and Wangjianglou Park in Chengdu. Drawing on the city’s cultural setting and waterfront landscape, it creates a quiet place of retreat within the urban center.

Guided by the idea of simple dwelling in harmony with its surroundings, the design responds to wind and daylight conditions to refine the building layout and guest-room orientation, maximizing views of the river and greenery. Transparent façades, a swimming pool, and landscaped paths connect spaces for rest, social life, and contact with nature. With a restrained presence in the city fabric, the hotel offers travelers a resort experience grounded in both local character and everyday comfort."
